Title,Latitude,Longitude,Power (kW),Connector Type,State,Address,Charger ID,Operator,Google Maps Navigation Link
Bolt.Earth Station (695015) - L1DC0036,8.552551,76.942884,3.3 kW,Type-6 DC Fast / Type-7 AC Dual,Kerala,"695015,Kerala",L1DC0036,Bolt.Earth,"https://www.google.com/maps/dir/?api=1&destination=8.552551,76.942884"
EngineerMode Private Limited,8.552623,76.942915,3.3 kW,Type-6 DC Fast / Type-7 AC Dual,Kerala,"EngineerMode Private Limited, SmartSolar 2Nd floor",L1DC0035,Bolt.Earth,"https://www.google.com/maps/dir/?api=1&destination=8.552623,76.942915"
N/16390,8.55264,76.943021,3.3 kW,Type-6 DC Fast / Type-7 AC Dual,Kerala,"N/16390, SH1, Aradhana Nagar",L1DC0144,Bolt.Earth,"https://www.google.com/maps/dir/?api=1&destination=8.55264,76.943021"
Shastri Nagar,8.49211,76.974163,3.3 kW,Type-6 DC Fast / Type-7 AC Dual,Kerala,"Shastri Nagar, Poojapura",L1DC0276,Bolt.Earth,"https://www.google.com/maps/dir/?api=1&destination=8.49211,76.974163"
Door No 46/2406,8.481265,76.964156,3.3 kW,Type-6 DC Fast / Type-7 AC Dual,Kerala,"Door No 46/2406, Ravel Building, Karamana - Poojapura Rd, Prem Nagar, Karamana, Thiruvananthapuram, Kerala 695002",L1DC0428,Bolt.Earth,"https://www.google.com/maps/dir/?api=1&destination=8.481265,76.964156"
Door No 46/2406,8.481034,76.964101,3.3 kW,Type-6 DC Fast / Type-7 AC Dual,Kerala,"Door No 46/2406, Ravel Building, Karamana - Poojapura Rd, Prem Nagar, Karamana, Thiruvananthapuram, Kerala 695002",L1DC0430,Bolt.Earth,"https://www.google.com/maps/dir/?api=1&destination=8.481034,76.964101"
Tc:2305/1,8.542146,76.875755,3.3 kW,Type-6 DC Fast / Type-7 AC Dual,Kerala,"Tc:2305/1,kulathoor,trivandrum 695583",L1DC0595,Bolt.Earth,"https://www.google.com/maps/dir/?api=1&destination=8.542146,76.875755"
Athira bhavan pvra47,8.556885,76.876021,3.3 kW,Type-6 DC Fast / Type-7 AC Dual,Kerala,"Athira bhavan pvra47, opp technopark phase I, kazhakootam, trivandrum Kerala 695582",L1DC0589,Bolt.Earth,"https://www.google.com/maps/dir/?api=1&destination=8.556885,76.876021"
PVMX+Q5H,8.734444,76.898022,3.3 kW,Type-6 DC Fast / Type-7 AC Dual,Kerala,"PVMX+Q5H, Karette, Kerala 695612",L1DC0027,Bolt.Earth,"https://www.google.com/maps/dir/?api=1&destination=8.734444,76.898022"
Akshaya  EV Charging Station,8.838668,76.687017,3.3 kW,Type-6 DC Fast / Type-7 AC Dual,Kerala,"Akshaya  EV Charging Station, Akshaya Centre,MLA jn Nedungolam PO Paravoor Chathannoor  Road, Kollam, Pin: 691334",L1DC0037,Bolt.Earth,"https://www.google.com/maps/dir/?api=1&destination=8.838668,76.687017"
Thiruvonam. Veppalinmoodu.,8.802395,76.698483,3.3 kW,Type-6 DC Fast / Type-7 AC Dual,Kerala,Thiruvonam. Veppalinmoodu.,L1DC0439,Bolt.Earth,"https://www.google.com/maps/dir/?api=1&destination=8.802395,76.698483"
Bolt.Earth Station (695141) - L1DC0123,8.727772,76.710729,3.3 kW,Type-6 DC Fast / Type-7 AC Dual,Kerala,"695141,Kerala",L1DC0123,Bolt.Earth,"https://www.google.com/maps/dir/?api=1&destination=8.727772,76.710729"
TB Junction-Hospital Junction Road,8.40805,77.081235,3.3 kW,Type-6 DC Fast / Type-7 AC Dual,Kerala,"TB Junction-Hospital Junction Road, Vazhuthoor",L1DC0772,Bolt.Earth,"https://www.google.com/maps/dir/?api=1&destination=8.40805,77.081235"
25/66,8.394397,77.088783,3.3 kW,Type-6 DC Fast / Type-7 AC Dual,Kerala,"25/66, Poovar - Neyyatinkara Road, Alummoodu",L1DC0191,Bolt.Earth,"https://www.google.com/maps/dir/?api=1&destination=8.394397,77.088783"
BSR Fast Charging Center,8.375908,77.081732,3.3 kW,Type-6 DC Fast / Type-7 AC Dual,Kerala,"BSR Fast Charging Center, Olathanni Neyyattinkara 695121",L1DC0581,Bolt.Earth,"https://www.google.com/maps/dir/?api=1&destination=8.375908,77.081732"
Santhy sabarimuttam kamukincode kodangavila PO with Pincode 695123 kamukincode opp:canara bank,8.393112,77.061835,3.3 kW,Type-6 DC Fast / Type-7 AC Dual,Kerala,Santhy sabarimuttam kamukincode kodangavila PO with Pincode 695123 kamukincode opp:canara bank,L1DC0091,Bolt.Earth,"https://www.google.com/maps/dir/?api=1&destination=8.393112,77.061835"
Bolt.Earth Station (695528) - L1DC0064,8.442731,77.045446,3.3 kW,Type-6 DC Fast / Type-7 AC Dual,Kerala,"695528,Kerala",L1DC0064,Bolt.Earth,"https://www.google.com/maps/dir/?api=1&destination=8.442731,77.045446"
Neyyattinkara Kattakkada Road,8.462869,77.069309,3.3 kW,Type-6 DC Fast / Type-7 AC Dual,Kerala,Neyyattinkara Kattakkada Road,L1DC0769,Bolt.Earth,"https://www.google.com/maps/dir/?api=1&destination=8.462869,77.069309"
Electric Spares & Service,8.592898,77.04358,3.3 kW,Type-6 DC Fast / Type-7 AC Dual,Kerala,"Electric Spares & Service, near SBI, puthukulangara, Nedumangad, Thiruvananthapuran, Kerala 695541",L1DC0155,Bolt.Earth,"https://www.google.com/maps/dir/?api=1&destination=8.592898,77.04358"
Bolt.Earth Station (695019) - L1DC0158,8.468997,77.005247,3.3 kW,Type-6 DC Fast / Type-7 AC Dual,Kerala,"695019,Kerala",L1DC0158,Bolt.Earth,"https://www.google.com/maps/dir/?api=1&destination=8.468997,77.005247"
Bolt.Earth Station (695019) - L1DC0124,8.469067,77.00485,3.3 kW,Type-6 DC Fast / Type-7 AC Dual,Kerala,"695019,Kerala",L1DC0124,Bolt.Earth,"https://www.google.com/maps/dir/?api=1&destination=8.469067,77.00485"
Best EV Charging Station,9.046038,76.53661,3.3 kW,Type-6 DC Fast / Type-7 AC Dual,Kerala,"Best EV Charging Station, Old NH, Karunagapally, 690518",L1DC0063,Bolt.Earth,"https://www.google.com/maps/dir/?api=1&destination=9.046038,76.53661"
Reneva Charging Station,9.081225,76.6731,3.3 kW,Type-6 DC Fast / Type-7 AC Dual,Kerala,"Reneva Charging Station,  MileNo.7 Convection Centre, Kadampanad, Kerala, 691553",L1DC0196,Bolt.Earth,"https://www.google.com/maps/dir/?api=1&destination=9.081225,76.6731"
Aditya Green Power Charging Station,9.180407,76.709086,3.3 kW,Type-6 DC Fast / Type-7 AC Dual,Kerala,"Aditya Green Power Charging Station, MC Road, 691554",L1DC0202,Bolt.Earth,"https://www.google.com/maps/dir/?api=1&destination=9.180407,76.709086"
Kottarakkara - Kottayam Road,9.208784,76.687993,3.3 kW,Type-6 DC Fast / Type-7 AC Dual,Kerala,Kottarakkara - Kottayam Road,L1DC0134,Bolt.Earth,"https://www.google.com/maps/dir/?api=1&destination=9.208784,76.687993"
Artemis EV Supercharger Chunakara Naduvil Charummoodu Alappuzha District Kerala Pin 690534,9.198891,76.600164,3.3 kW,Type-6 DC Fast / Type-7 AC Dual,Kerala,Artemis EV Supercharger Chunakara Naduvil Charummoodu Alappuzha District Kerala Pin 690534,L1DC0139,Bolt.Earth,"https://www.google.com/maps/dir/?api=1&destination=9.198891,76.600164"
Mannil Green Charging StationKayamkulam Thiruvalla Road Mavelikkara Alappuzha,9.283259,76.530729,3.3 kW,Type-6 DC Fast / Type-7 AC Dual,Kerala,"Mannil Green Charging StationKayamkulam Thiruvalla Road Mavelikkara Alappuzha, 690105",L1DC0166,Bolt.Earth,"https://www.google.com/maps/dir/?api=1&destination=9.283259,76.530729"
Alappuzha - Changanassery Hwy,9.43752,76.541957,3.3 kW,Type-6 DC Fast / Type-7 AC Dual,Kerala,"Alappuzha - Changanassery Hwy, Perunna, Changanassery, Kerala 686102",L1DC0076,Bolt.Earth,"https://www.google.com/maps/dir/?api=1&destination=9.43752,76.541957"
Chirayil Ultra Charging Station,9.529075,76.514735,3.3 kW,Type-6 DC Fast / Type-7 AC Dual,Kerala,"Chirayil Ultra Charging Station, MC Road, Pallom, Kottayam, 686007, Kerala, India",L1DC0092,Bolt.Earth,"https://www.google.com/maps/dir/?api=1&destination=9.529075,76.514735"
VPV6+6P2 Matha Shopping Arcade,9.892843,76.711836,3.3 kW,Type-6 DC Fast / Type-7 AC Dual,Kerala,"VPV6+6P2 Matha Shopping Arcade, Pala Road, Thodupuzha, Kerala 685584, India",L1DC0075,Bolt.Earth,"https://www.google.com/maps/dir/?api=1&destination=9.892843,76.711836"
Thayil 2,9.699917,76.806848,3.3 kW,Type-6 DC Fast / Type-7 AC Dual,Kerala,"Thayil 2,3 & 4 wheeler DC Fast Charging Sation Teekoy 686580",L1DC0270,Bolt.Earth,"https://www.google.com/maps/dir/?api=1&destination=9.699917,76.806848"
Arunapuram,9.705243,76.663799,3.3 kW,Type-6 DC Fast / Type-7 AC Dual,Kerala,Arunapuram,L1DC0011,Bolt.Earth,"https://www.google.com/maps/dir/?api=1&destination=9.705243,76.663799"
Chalikadavu Bridge,9.991904,76.588409,3.3 kW,Type-6 DC Fast / Type-7 AC Dual,Kerala,Chalikadavu Bridge,L1DC0022,Bolt.Earth,"https://www.google.com/maps/dir/?api=1&destination=9.991904,76.588409"
SJRRA-158,9.997317,76.302118,3.3 kW,Type-6 DC Fast,Kerala,"SJRRA-158, Kaloor",L1DC0351,Bolt.Earth,"https://www.google.com/maps/dir/?api=1&destination=9.997317,76.302118"
Bolt.Earth Station (682017) - L1DC0077,9.997561,76.302032,3.3 kW,Type-6 DC Fast / Type-7 AC Dual,Kerala,"682017,Kerala",L1DC0077,Bolt.Earth,"https://www.google.com/maps/dir/?api=1&destination=9.997561,76.302032"
MDS FELLOWSHIP,9.997381,76.302101,3.3 kW,Type-6 DC Fast / Type-7 AC Dual,Kerala,"MDS FELLOWSHIP, JLN Stadium round Ernakulam 682025",L1DC0269,Bolt.Earth,"https://www.google.com/maps/dir/?api=1&destination=9.997381,76.302101"
Chalikkavattom,9.987289,76.316163,3.3 kW,Type-6 DC Fast / Type-7 AC Dual,Kerala,"Chalikkavattom, Vennala",L1DC0021,Bolt.Earth,"https://www.google.com/maps/dir/?api=1&destination=9.987289,76.316163"
simple Energy kochi,9.987355,76.315996,3.3 kW,Type-6 DC Fast / Type-7 AC Dual,Kerala,"simple Energy kochi , vennala , kochi pin 682032",L1DC0132,Bolt.Earth,"https://www.google.com/maps/dir/?api=1&destination=9.987355,76.315996"
Service Road,9.960512,76.318138,3.3 kW,Type-6 DC Fast / Type-7 AC Dual,Kerala,"Service Road, Thykoodam, Vyttila",L1DC0183,Bolt.Earth,"https://www.google.com/maps/dir/?api=1&destination=9.960512,76.318138"
Bolt.Earth Station (688006) - L1DC0115,9.527352,76.348132,3.3 kW,Type-6 DC Fast / Type-7 AC Dual,Kerala,"688006,Kerala",L1DC0115,Bolt.Earth,"https://www.google.com/maps/dir/?api=1&destination=9.527352,76.348132"
Bernad Junction Near Kalavoor,9.559344,76.328226,3.3 kW,Type-6 DC Fast / Type-7 AC Dual,Kerala,"Bernad Junction Near Kalavoor, Pathirappally P.O. Alappuzha District – 688521 Kerala, India",L1DC0046,Bolt.Earth,"https://www.google.com/maps/dir/?api=1&destination=9.559344,76.328226"
Prabha EV Charging Station Elarankadappuram,10.983371,75.870075,3.3 kW,Type-6 DC Fast / Type-7 AC Dual,Kerala,"Prabha EV Charging Station Elarankadappuram, Near govt hospital, Tanur, Malappuram, Kerala, 676302",L1DC0120,Bolt.Earth,"https://www.google.com/maps/dir/?api=1&destination=10.983371,75.870075"
IDBI BANK,10.921282,75.928256,3.3 kW,Type-6 DC Fast / Type-7 AC Dual,Kerala,"IDBI BANK , PANBAZAR, MALAPPURAM ROAD,TIRUR MALAPPURAM,676101",L1DC0437,Bolt.Earth,"https://www.google.com/maps/dir/?api=1&destination=10.921282,75.928256"
Popular Textiles,10.72917,75.947262,3.3 kW,Type-6 DC Fast / Type-7 AC Dual,Kerala,"Popular Textiles, Veliancode Town, Veliancode, Kerala 679579",L1DC0032,Bolt.Earth,"https://www.google.com/maps/dir/?api=1&destination=10.72917,75.947262"
48CR+JGW,10.122071,76.341033,3.3 kW,Type-6 DC Fast / Type-7 AC Dual,Kerala,"48CR+JGW, NH544, Thottakkattukara, Aluva, Kerala 683102, India",L1DC0262,Bolt.Earth,"https://www.google.com/maps/dir/?api=1&destination=10.122071,76.341033"
National Highway 544,10.121656,76.341278,3.3 kW,Type-6 DC Fast / Type-7 AC Dual,Kerala,"National Highway 544, Thottakkattukara",L1DC0096,Bolt.Earth,"https://www.google.com/maps/dir/?api=1&destination=10.121656,76.341278"
Wisdom EV Charging Station Mekkad,10.166014,76.355025,3.3 kW,Type-6 DC Fast / Type-7 AC Dual,Kerala,"Wisdom EV Charging Station Mekkad, Athani, Angamaly Ernakulam, 683589 Kerala India",L1DC0204,Bolt.Earth,"https://www.google.com/maps/dir/?api=1&destination=10.166014,76.355025"
Athani Mekkad Elavoor Road,10.165975,76.354974,3.3 kW,Type-6 DC Fast / Type-7 AC Dual,Kerala,"Athani Mekkad Elavoor Road, Mekkad 683589",L1DC0127,Bolt.Earth,"https://www.google.com/maps/dir/?api=1&destination=10.165975,76.354974"
State Highway 16,10.087546,76.368086,3.3 kW,Type-6 DC Fast / Type-7 AC Dual,Kerala,"State Highway 16, Edathala",L1DC0108,Bolt.Earth,"https://www.google.com/maps/dir/?api=1&destination=10.087546,76.368086"
Melekodakkad,10.976692,76.367719,3.3 kW,Type-6 DC Fast / Type-7 AC Dual,Kerala,"Melekodakkad, Palakkad- Kozhikode Road, Palakkad Pincode: 678521",L1DC0009,Bolt.Earth,"https://www.google.com/maps/dir/?api=1&destination=10.976692,76.367719"
Lakshmi_KRS Fast EV Charging Station,10.898122,76.395342,3.3 kW,Type-6 DC Fast / Type-7 AC Dual,Kerala,"Lakshmi_KRS Fast EV Charging Station, Near Boothathankotta Ayyappa Temple, Mannarkkad Road, Thiruvazhiyode,",L1DC0081,Bolt.Earth,"https://www.google.com/maps/dir/?api=1&destination=10.898122,76.395342"
Bolt.Earth Station (682030) - L1DC0176,10.021383,76.353937,3.3 kW,Type-6 DC Fast / Type-7 AC Dual,Kerala,"682030,Kerala",L1DC0176,Bolt.Earth,"https://www.google.com/maps/dir/?api=1&destination=10.021383,76.353937"
Bolt.Earth Station (682030) - L1DC0542,10.021386,76.353909,3.3 kW,Type-6 DC Fast / Type-7 AC Dual,Kerala,"682030,Kerala",L1DC0542,Bolt.Earth,"https://www.google.com/maps/dir/?api=1&destination=10.021386,76.353909"
19th Mile,10.770549,76.396379,3.3 kW,Type-6 DC Fast / Type-7 AC Dual,Kerala,"19th Mile, SRK Nagar",L1DC0038,Bolt.Earth,"https://www.google.com/maps/dir/?api=1&destination=10.770549,76.396379"
Olive Courtyard Road,10.017404,76.363174,3.3 kW,Type-6 DC Fast / Type-7 AC Dual,Kerala,Olive Courtyard Road,L1DC0066,Bolt.Earth,"https://www.google.com/maps/dir/?api=1&destination=10.017404,76.363174"
Punarjani gardens,10.710349,76.42867,3.3 kW,Type-6 DC Fast / Type-7 AC Dual,Kerala,"Punarjani gardens, Thiruvalamala, Kerala 680588",L1DC0156,Bolt.Earth,"https://www.google.com/maps/dir/?api=1&destination=10.710349,76.42867"
Punarjani gardens,10.710348,76.428678,3.3 kW,Type-6 DC Fast / Type-7 AC Dual,Kerala,"Punarjani gardens, Thiruvalamala, Kerala 680588",L1DC0149,Bolt.Earth,"https://www.google.com/maps/dir/?api=1&destination=10.710348,76.428678"
Punarjani gardens,10.710345,76.428607,3.3 kW,Type-6 DC Fast / Type-7 AC Dual,Kerala,"Punarjani gardens, Thiruvalamala, Kerala 680588",L1DC0154,Bolt.Earth,"https://www.google.com/maps/dir/?api=1&destination=10.710345,76.428607"
State Highway 1,10.171476,76.428375,3.3 kW,Type-6 DC Fast / Type-7 AC Dual,Kerala,"State Highway 1, Mattoor",L1DC0493,Bolt.Earth,"https://www.google.com/maps/dir/?api=1&destination=10.171476,76.428375"
Pallikkara,10.028413,76.415321,3.3 kW,Type-6 DC Fast / Type-7 AC Dual,Kerala,Pallikkara,L1DC0151,Bolt.Earth,"https://www.google.com/maps/dir/?api=1&destination=10.028413,76.415321"
Angamali - Cochin Airport Rd,10.185247,76.397512,3.3 kW,Type-6 DC Fast / Type-7 AC Dual,Kerala,"Angamali - Cochin Airport Rd, AJ Nagar, Angamaly, Nedumbassery, Kerala 683572",L1DC0458,Bolt.Earth,"https://www.google.com/maps/dir/?api=1&destination=10.185247,76.397512"
Bolt.Earth Station (683572) - L1DC0497,10.18526,76.397435,3.3 kW,Type-6 DC Fast / Type-7 AC Dual,Kerala,"683572,Kerala",L1DC0497,Bolt.Earth,"https://www.google.com/maps/dir/?api=1&destination=10.18526,76.397435"
EV2 Wheels,10.196229,76.393114,3.3 kW,Type-6 DC Fast / Type-7 AC Dual,Kerala,"EV2 Wheels, Shamrock plaza, Near SNDP junction, Angamaly manjapra road, 683572",L1DC0569,Bolt.Earth,"https://www.google.com/maps/dir/?api=1&destination=10.196229,76.393114"
Government Hospital,10.066866,76.618711,3.3 kW,Type-6 DC Fast / Type-7 AC Dual,Kerala,"Government Hospital, Thankalam",L1DC0099,Bolt.Earth,"https://www.google.com/maps/dir/?api=1&destination=10.066866,76.618711"
Amigo,10.583999,76.436162,3.3 kW,Type-6 DC Fast / Type-7 AC Dual,Kerala,"Amigo, Restaurant, Panthalampadam",L1DC0467,Bolt.Earth,"https://www.google.com/maps/dir/?api=1&destination=10.583999,76.436162"
Near,10.593588,76.583511,3.3 kW,Type-6 DC Fast / Type-7 AC Dual,Kerala,"Near, Avitis Hospital Road",L1DC0483,Bolt.Earth,"https://www.google.com/maps/dir/?api=1&destination=10.593588,76.583511"
Smart wheels Ambattupalayam,10.695146,76.72995,3.3 kW,Type-6 DC Fast / Type-7 AC Dual,Kerala,"Smart wheels Ambattupalayam,chittur thathamangalam palakkad kerala 678104",L1DC0125,Bolt.Earth,"https://www.google.com/maps/dir/?api=1&destination=10.695146,76.72995"
Smart wheels Ambattupalayam,10.695162,76.729977,3.3 kW,Type-6 DC Fast / Type-7 AC Dual,Kerala,"Smart wheels Ambattupalayam,chittur thathamangalam palakkad kerala 678104",L1DC0136,Bolt.Earth,"https://www.google.com/maps/dir/?api=1&destination=10.695162,76.729977"
Eltech wheel Alignment,10.01468,76.9486,3.3 kW,Type-6 DC Fast / Type-7 AC Dual,Kerala,"Eltech wheel Alignment, NH 49 Camco jn Adimaly",L1DC0051,Bolt.Earth,"https://www.google.com/maps/dir/?api=1&destination=10.01468,76.9486"
Peak Power,10.416626,76.15339,3.3 kW,Type-6 DC Fast / Type-7 AC Dual,Kerala,"Peak Power, Thripayyar, kerala-680564",L1DC0026,Bolt.Earth,"https://www.google.com/maps/dir/?api=1&destination=10.416626,76.15339"
Therattil House,10.541869,76.21324,3.3 kW,Type-6 DC Fast / Type-7 AC Dual,Kerala,"Therattil House, Opp. Rose gardens, Thiruvambadi P.O, Thrissur 680022, Kerala",L1DC0071,Bolt.Earth,"https://www.google.com/maps/dir/?api=1&destination=10.541869,76.21324"
Cheloor Citadel,10.531498,76.202115,3.3 kW,Type-6 DC Fast / Type-7 AC Dual,Kerala,"Cheloor Citadel, Punkunnam",L1DC0141,Bolt.Earth,"https://www.google.com/maps/dir/?api=1&destination=10.531498,76.202115"
:Anchorage Plaza Mundupalam Avenue Road  Thrissur  680006,10.511572,76.221228,3.3 kW,Type-6 DC Fast / Type-7 AC Dual,Kerala,:Anchorage Plaza Mundupalam Avenue Road  Thrissur  680006,L1DC0017,Bolt.Earth,"https://www.google.com/maps/dir/?api=1&destination=10.511572,76.221228"
AIMA EV charging station,10.887585,76.189845,3.3 kW,Type-6 DC Fast / Type-7 AC Dual,Kerala,"AIMA EV charging station, karinganad, Chanthappadi, 679309",L1DC0020,Bolt.Earth,"https://www.google.com/maps/dir/?api=1&destination=10.887585,76.189845"
Karinganad,10.887544,76.189833,3.3 kW,Type-6 DC Fast / Type-7 AC Dual,Kerala,"Karinganad, Chanthappadi",L1DC0319,Bolt.Earth,"https://www.google.com/maps/dir/?api=1&destination=10.887544,76.189833"
Bolt.Earth Station (679322) - L1DC0001,10.943501,76.225297,3.3 kW,Type-6 DC Fast / Type-7 AC Dual,Kerala,"679322,Kerala",L1DC0001,Bolt.Earth,"https://www.google.com/maps/dir/?api=1&destination=10.943501,76.225297"
Valambur Road,10.99118,76.183461,3.3 kW,Type-6 DC Fast / Type-7 AC Dual,Kerala,"Valambur Road, Tirurkad",L1DC0435,Bolt.Earth,"https://www.google.com/maps/dir/?api=1&destination=10.99118,76.183461"
X6G8+8XR,10.975651,76.217284,3.3 kW,Type-6 DC Fast / Type-7 AC Dual,Kerala,"X6G8+8XR, Calicut Rd, Perinthalmanna, Kerala 679322, India",L1DC0438,Bolt.Earth,"https://www.google.com/maps/dir/?api=1&destination=10.975651,76.217284"
SAM CHARGING STATION,10.950084,76.162609,3.3 kW,Type-6 DC Fast / Type-7 AC Dual,Kerala,"SAM CHARGING STATION, MALAPARAMBU, PALACHODU",L1DC0599,Bolt.Earth,"https://www.google.com/maps/dir/?api=1&destination=10.950084,76.162609"
Vk food cafe School padi Cherukulamba,10.996038,76.095696,3.3 kW,Type-6 DC Fast / Type-7 AC Dual,Kerala,"Vk food cafe School padi Cherukulamba, Chattiparamba",L1DC0004,Bolt.Earth,"https://www.google.com/maps/dir/?api=1&destination=10.996038,76.095696"
Baboos Triangle Charging Station,10.719782,76.07771,3.3 kW,Type-6 DC Fast / Type-7 AC Dual,Kerala,"Baboos Triangle Charging Station, Kallumpuram, Thrissur,Kerala, 680543",L1DC0052,Bolt.Earth,"https://www.google.com/maps/dir/?api=1&destination=10.719782,76.07771"
E-Fusion Charging Station Global Point Palakkad - Ponnani Rd,10.784095,76.006563,3.3 kW,Type-6 DC Fast / Type-7 AC Dual,Kerala,"E-Fusion Charging Station Global Point Palakkad - Ponnani Rd, Edappal, Kerala, pincode: 679576",L1DC0065,Bolt.Earth,"https://www.google.com/maps/dir/?api=1&destination=10.784095,76.006563"
Bolt.Earth Station (679552) - L1DC0133,10.786822,76.070218,3.3 kW,Type-6 DC Fast / Type-7 AC Dual,Kerala,"679552,Kerala",L1DC0133,Bolt.Earth,"https://www.google.com/maps/dir/?api=1&destination=10.786822,76.070218"
Shornur - Perinthalmanna Road,10.974951,76.225656,3.3 kW,Type-6 DC Fast / Type-7 AC Dual,Kerala,"Shornur - Perinthalmanna Road, Shanti Nagar",L1DC0119,Bolt.Earth,"https://www.google.com/maps/dir/?api=1&destination=10.974951,76.225656"
cherpussery,10.87851,76.311286,3.3 kW,Type-6 DC Fast / Type-7 AC Dual,Kerala,"cherpussery,mocca parking,near samia textiles pincode: 679503",L1DC0198,Bolt.Earth,"https://www.google.com/maps/dir/?api=1&destination=10.87851,76.311286"
Christopher Nagar,10.488444,76.238184,3.3 kW,Type-6 DC Fast / Type-7 AC Dual,Kerala,"Christopher Nagar, ollur P O, Thrissur Infront of Hitachi ATM",L1DC0189,Bolt.Earth,"https://www.google.com/maps/dir/?api=1&destination=10.488444,76.238184"
Bolt.Earth Station (680014) - L1DC0047,10.493673,76.254093,3.3 kW,Type-6 DC Fast / Type-7 AC Dual,Kerala,"680014,Kerala",L1DC0047,Bolt.Earth,"https://www.google.com/maps/dir/?api=1&destination=10.493673,76.254093"
Gupta House Kuttanellur Thrissur thrissur 680014,10.49366,76.254006,3.3 kW,Type-6 DC Fast / Type-7 AC Dual,Kerala,Gupta House Kuttanellur Thrissur thrissur 680014,L1DC0311,Bolt.Earth,"https://www.google.com/maps/dir/?api=1&destination=10.49366,76.254006"
Plug&PayAnchery Near Anchery School,10.504793,76.240187,3.3 kW,Type-6 DC Fast / Type-7 AC Dual,Kerala,"Plug&PayAnchery Near Anchery School ,Opposit Anchery moospet Co operative Bank 680006",L1DC0188,Bolt.Earth,"https://www.google.com/maps/dir/?api=1&destination=10.504793,76.240187"
Thrissur Mannamangalam Road,10.511661,76.239362,3.3 kW,Type-6 DC Fast / Type-7 AC Dual,Kerala,"Thrissur Mannamangalam Road, Nellikunnu",L1DC0163,Bolt.Earth,"https://www.google.com/maps/dir/?api=1&destination=10.511661,76.239362"
Tessar Venture Ward No. 22,10.511648,76.239315,3.3 kW,Type-6 DC Fast / Type-7 AC Dual,Kerala,"Tessar Venture Ward No. 22, Door No. 351/1 Chelakkotukara Valarkavu Junction Thrissur Pin: 680006",L1DC0062,Bolt.Earth,"https://www.google.com/maps/dir/?api=1&destination=10.511648,76.239315"
Unnichira,10.028651,76.310996,3.3 kW,Type-6 DC Fast / Type-7 AC Dual,Kerala,"Unnichira, Koonamthai, Edappally",L1DC0056,Bolt.Earth,"https://www.google.com/maps/dir/?api=1&destination=10.028651,76.310996"
Kaalathodu Road,10.523981,76.246001,3.3 kW,Type-6 DC Fast / Type-7 AC Dual,Kerala,"Kaalathodu Road,Kalathode,Thrissur,Pincode: 680005",L1DC0109,Bolt.Earth,"https://www.google.com/maps/dir/?api=1&destination=10.523981,76.246001"
Kuttumuck - Nettissery Road,10.539658,76.253838,3.3 kW,Type-6 DC Fast / Type-7 AC Dual,Kerala,"Kuttumuck - Nettissery Road, Unity Nagar, Nettissery",L1DC0440,Bolt.Earth,"https://www.google.com/maps/dir/?api=1&destination=10.539658,76.253838"
Thrissur - Palghat Road,10.528871,76.255704,3.3 kW,Type-6 DC Fast / Type-7 AC Dual,Kerala,"Thrissur - Palghat Road, Sreyas Nagar, Ollukkara",L1DC0472,Bolt.Earth,"https://www.google.com/maps/dir/?api=1&destination=10.528871,76.255704"
Charge n chill Paliyam road Karimpadam Chendamangalam Pin 683513,10.165448,76.233144,3.3 kW,Type-6 DC Fast / Type-7 AC Dual,Kerala,Charge n chill Paliyam road Karimpadam Chendamangalam Pin 683513,L1DC0089,Bolt.Earth,"https://www.google.com/maps/dir/?api=1&destination=10.165448,76.233144"
Kodungallur - Shornur Road,10.644274,76.236745,3.3 kW,Type-6 DC Fast / Type-7 AC Dual,Kerala,Kodungallur - Shornur Road,L1DC0093,Bolt.Earth,"https://www.google.com/maps/dir/?api=1&destination=10.644274,76.236745"
SR power hub,10.644457,76.23716,3.3 kW,Type-6 DC Fast / Type-7 AC Dual,Kerala,"SR power hub, pathamkallu wadakkanchery Thrissur Kerala 680582",L1DC0005,Bolt.Earth,"https://www.google.com/maps/dir/?api=1&destination=10.644457,76.23716"
H84F+P4M,10.556696,76.323294,3.3 kW,Type-6 DC Fast / Type-7 AC Dual,Kerala,"H84F+P4M, NH 544, Pattikkad, Pananchery, Kerala 680652, India",L1DC0050,Bolt.Earth,"https://www.google.com/maps/dir/?api=1&destination=10.556696,76.323294"
MNRA/11,10.033987,76.325659,3.3 kW,Type-6 DC Fast / Type-7 AC Dual,Kerala,"MNRA/11, Pipeline Rd, Maveli Nagar, Vidya Nagar Colony, Thrikkakara, Edappally, Kochi, Kerala 682022, India",L1DC0786,Bolt.Earth,"https://www.google.com/maps/dir/?api=1&destination=10.033987,76.325659"
Bolt.Earth Station (682030) - L1DC0721,10.012831,76.337535,3.3 kW,Type-6 DC Fast / Type-7 AC Dual,Kerala,"682030,Kerala",L1DC0721,Bolt.Earth,"https://www.google.com/maps/dir/?api=1&destination=10.012831,76.337535"
Tramway,10.312246,76.336805,3.3 kW,Type-6 DC Fast / Type-7 AC Dual,Kerala,"Tramway, Line, Attathode Junction, Chalakudy, Kerala 680307",L1DC0560,Bolt.Earth,"https://www.google.com/maps/dir/?api=1&destination=10.312246,76.336805"
88/3,11.268369,75.831183,3.3 kW,Type-6 DC Fast / Type-7 AC Dual,Kerala,"88/3, Ummalathoor",L1DC0571,Bolt.Earth,"https://www.google.com/maps/dir/?api=1&destination=11.268369,75.831183"
Ummalathoor,11.268393,75.831171,3.3 kW,Type-6 DC Fast / Type-7 AC Dual,Kerala,Ummalathoor,L1DC0181,Bolt.Earth,"https://www.google.com/maps/dir/?api=1&destination=11.268393,75.831171"
SK VOLT HUB,11.268201,75.831184,3.3 kW,Type-6 DC Fast / Type-7 AC Dual,Kerala,"SK VOLT HUB, KOVOOR , Chevayur (Po), Calicut -673017",L1DC0180,Bolt.Earth,"https://www.google.com/maps/dir/?api=1&destination=11.268201,75.831184"
K.T.para masjid,11.268343,75.831194,3.3 kW,Type-6 DC Fast / Type-7 AC Dual,Kerala,K.T.para masjid,L1DC0185,Bolt.Earth,"https://www.google.com/maps/dir/?api=1&destination=11.268343,75.831194"
VK BUILDING,11.327631,75.83826,3.3 kW,Type-6 DC Fast / Type-7 AC Dual,Kerala,"VK BUILDING, PULLAATTUTHAZHAM, KURUVATTOOR, CALICUT - 673611",L1DC0431,Bolt.Earth,"https://www.google.com/maps/dir/?api=1&destination=11.327631,75.83826"
18/335,11.286121,75.8466,3.3 kW,Type-6 DC Fast / Type-7 AC Dual,Kerala,"18/335, CWRDM Road, Palakottuvayal",L1DC0549,Bolt.Earth,"https://www.google.com/maps/dir/?api=1&destination=11.286121,75.8466"
18/335,11.286121,75.846656,3.3 kW,Type-6 DC Fast / Type-7 AC Dual,Kerala,"18/335, CWRDM Road, Palakottuvayal",L1DC0587,Bolt.Earth,"https://www.google.com/maps/dir/?api=1&destination=11.286121,75.846656"
DAY TO DAY ENERGY,11.180582,75.885478,3.3 kW,Type-6 DC Fast / Type-7 AC Dual,Kerala,"DAY TO DAY ENERGY, NEAR NAYARA PETROLL AIRPORT ROAD, VAIDYARANGADI, CALICUT",L1DC0429,Bolt.Earth,"https://www.google.com/maps/dir/?api=1&destination=11.180582,75.885478"
Yadav EV Charging Station Wayanad Road,11.311639,75.882639,3.3 kW,Type-6 DC Fast / Type-7 AC Dual,Kerala,"Yadav EV Charging Station Wayanad Road, Kunnamangalam, Kozhikode 673571 Kerala India",L1DC0187,Bolt.Earth,"https://www.google.com/maps/dir/?api=1&destination=11.311639,75.882639"
RJ EV HUB NARIKKUNI-POONOOR ROAD,11.375445,75.867273,3.3 kW,Type-6 DC Fast / Type-7 AC Dual,Kerala,"RJ EV HUB NARIKKUNI-POONOOR ROAD, NELLIERYTHAZHAM. CALICUT PIN 673585 - CALICUT",L1DC0436,Bolt.Earth,"https://www.google.com/maps/dir/?api=1&destination=11.375445,75.867273"
MAS STATIONARY & PLASTICS,11.113028,75.890137,3.3 kW,Type-6 DC Fast / Type-7 AC Dual,Kerala,"MAS STATIONARY & PLASTICS,TOYS MELE CHELARI, Mathappuzha road, near Refresh bakery, 673636",L1DC0153,Bolt.Earth,"https://www.google.com/maps/dir/?api=1&destination=11.113028,75.890137"
4XRF+RW9,11.14177,75.97489,3.3 kW,Type-6 DC Fast / Type-7 AC Dual,Kerala,"4XRF+RW9, Gulf Batteries, SH28, Kondotty, Malappuram District, Kerala – 673638, India",L1DC0205,Bolt.Earth,"https://www.google.com/maps/dir/?api=1&destination=11.14177,75.97489"
JANASEVANAKENDRAM,11.152637,75.956503,3.3 kW,Type-6 DC Fast / Type-7 AC Dual,Kerala,"JANASEVANAKENDRAM,NEAR MUNICIPALITY OFFICE,OPP:MOINKITTY VAIDYAR MEMMORIAL BUILDING,KONDOTTY, 673638",L1DC0008,Bolt.Earth,"https://www.google.com/maps/dir/?api=1&destination=11.152637,75.956503"
Vattaparamp,11.16476,75.964012,3.3 kW,Type-6 DC Fast / Type-7 AC Dual,Kerala,Vattaparamp,L1DC0012,Bolt.Earth,"https://www.google.com/maps/dir/?api=1&destination=11.16476,75.964012"
Karuvankallu,11.107266,75.956222,3.3 kW,Type-6 DC Fast / Type-7 AC Dual,Kerala,Karuvankallu,L1DC0072,Bolt.Earth,"https://www.google.com/maps/dir/?api=1&destination=11.107266,75.956222"
3W6P+CRM,11.061022,75.937013,3.3 kW,Type-6 DC Fast / Type-7 AC Dual,Kerala,"3W6P+CRM, Kolappuram, Kerala 676305",L1DC0043,Bolt.Earth,"https://www.google.com/maps/dir/?api=1&destination=11.061022,75.937013"
TP Manzil,11.084802,75.9626,3.3 kW,Type-6 DC Fast / Type-7 AC Dual,Kerala,"TP Manzil, Kannamangalam po, Vengara, Malappuram Pincode: 676304",L1DC0068,Bolt.Earth,"https://www.google.com/maps/dir/?api=1&destination=11.084802,75.9626"
Mundakkulam junction,11.190841,75.966505,3.3 kW,Type-6 DC Fast / Type-7 AC Dual,Kerala,"Mundakkulam junction, Malappuram, 673638",L1DC0150,Bolt.Earth,"https://www.google.com/maps/dir/?api=1&destination=11.190841,75.966505"
TRIP BY DAYTODAY VALILLAAPUZHA,11.244626,75.9639,3.3 kW,Type-6 DC Fast / Type-7 AC Dual,Kerala,"TRIP BY DAYTODAY VALILLAAPUZHA, VAZHAKKAD-EDAVANNAPPARA ROAD, CHERUVAYUR P O PIN :673645",L1DC0543,Bolt.Earth,"https://www.google.com/maps/dir/?api=1&destination=11.244626,75.9639"
Kallanthode - Nayarkuzhi Road,11.305228,75.954243,3.3 kW,Type-6 DC Fast / Type-7 AC Dual,Kerala,Kallanthode - Nayarkuzhi Road,L1DC0573,Bolt.Earth,"https://www.google.com/maps/dir/?api=1&destination=11.305228,75.954243"
KATTANGAL,11.318347,75.944082,3.3 kW,Type-6 DC Fast / Type-7 AC Dual,Kerala,"KATTANGAL,OPPOSIT BHARATH PETRILIUM,NIT,CALICUT",L1DC0192,Bolt.Earth,"https://www.google.com/maps/dir/?api=1&destination=11.318347,75.944082"
Kottapuram PO Pullickal Pincode:673637,11.165109,75.933973,3.3 kW,Type-6 DC Fast / Type-7 AC Dual,Kerala,Kottapuram PO Pullickal Pincode:673637,L1DC0007,Bolt.Earth,"https://www.google.com/maps/dir/?api=1&destination=11.165109,75.933973"
KALARANTHIRI,11.381349,75.933978,6.6 kW,Type-6 DC Fast / Type-7 AC Dual,Kerala,"KALARANTHIRI,MANIPURAM-THAMARASSERI ROAD,CALICUT PIN 673572",L1DC0203,Bolt.Earth,"https://www.google.com/maps/dir/?api=1&destination=11.381349,75.933978"
K-VOLT EV Charging Station  Palaparambhath  Omassery po Omassery 673582 kozhikkode,11.372113,75.958923,3.3 kW,Type-6 DC Fast / Type-7 AC Dual,Kerala,K-VOLT EV Charging Station  Palaparambhath  Omassery po Omassery 673582 kozhikkode,L1DC0102,Bolt.Earth,"https://www.google.com/maps/dir/?api=1&destination=11.372113,75.958923"
EQ EV Prabha EV Charging Station Wayanad Road,11.48095,75.975547,3.3 kW,Type-6 DC Fast / Type-7 AC Dual,Kerala,"EQ EV Prabha EV Charging Station Wayanad Road, Puthuppady Kozhikode, 673586",L1DC0121,Bolt.Earth,"https://www.google.com/maps/dir/?api=1&destination=11.48095,75.975547"
EQ EV Prabha EV Charging Station Wayanad Road,11.480961,75.975536,3.3 kW,Type-6 DC Fast / Type-7 AC Dual,Kerala,"EQ EV Prabha EV Charging Station Wayanad Road, Puthuppady Kozhikode, 673586",L1DC0041,Bolt.Earth,"https://www.google.com/maps/dir/?api=1&destination=11.480961,75.975536"
Royal Enfield showroom (Backside),11.326088,75.988882,3.3 kW,Type-6 DC Fast / Type-7 AC Dual,Kerala,"Royal Enfield showroom (Backside), Axis bank Agasthiamuzhi, Mukkam High school road ,673602",L1DC0117,Bolt.Earth,"https://www.google.com/maps/dir/?api=1&destination=11.326088,75.988882"
state,11.320269,75.995735,3.3 kW,Type-6 DC Fast / Type-7 AC Dual,Kerala,"state, Mukkam - Maranchatty Road",L1DC0143,Bolt.Earth,"https://www.google.com/maps/dir/?api=1&destination=11.320269,75.995735"
Payyoli - Cherandathur Road,11.519344,75.628354,3.3 kW,Type-6 DC Fast / Type-7 AC Dual,Kerala,"727, Payyoli - Cherandathur Road",L1DC0118,Bolt.Earth,"https://www.google.com/maps/dir/?api=1&destination=11.519344,75.628354"
Bolt.Earth Station (673525) - L1DC0100,11.582273,75.757733,3.3 kW,Type-6 DC Fast / Type-7 AC Dual,Kerala,"673525,Kerala",L1DC0100,Bolt.Earth,"https://www.google.com/maps/dir/?api=1&destination=11.582273,75.757733"
Eastmukku Ulliyeri Kozhikode 673323,11.446666,75.77275,3.3 kW,Type-6 DC Fast / Type-7 AC Dual,Kerala,Eastmukku Ulliyeri Kozhikode 673323,L1DC0104,Bolt.Earth,"https://www.google.com/maps/dir/?api=1&destination=11.446666,75.77275"
Vengalam,11.357055,75.741589,3.3 kW,Type-6 DC Fast / Type-7 AC Dual,Kerala,Vengalam,L1DC0049,Bolt.Earth,"https://www.google.com/maps/dir/?api=1&destination=11.357055,75.741589"
Kunduparampa,11.309571,75.779435,3.3 kW,Type-6 DC Fast / Type-7 AC Dual,Kerala,Kunduparampa,L1DC0048,Bolt.Earth,"https://www.google.com/maps/dir/?api=1&destination=11.309571,75.779435"
Kunduparamba Road,11.309456,75.779473,3.3 kW,Type-6 DC Fast / Type-7 AC Dual,Kerala,"Kunduparamba Road, Kozhikode",L1DC0094,Bolt.Earth,"https://www.google.com/maps/dir/?api=1&destination=11.309456,75.779473"
Krishna Charging Station,11.285395,75.771049,3.3 kW,Type-6 DC Fast / Type-7 AC Dual,Kerala,"Krishna Charging Station, Westhill , Kozhikode, Pincode: 673005",L1DC0042,Bolt.Earth,"https://www.google.com/maps/dir/?api=1&destination=11.285395,75.771049"
Iringadampalli Road,11.280614,75.821953,3.3 kW,Type-6 DC Fast / Type-7 AC Dual,Kerala,"Iringadampalli Road, Vrindavan Colony",L1DC0016,Bolt.Earth,"https://www.google.com/maps/dir/?api=1&destination=11.280614,75.821953"
Iringadampalli Road,11.280616,75.82196,3.3 kW,Type-6 DC Fast / Type-7 AC Dual,Kerala,"Iringadampalli Road, Vrindavan Colony",L1DC0427,Bolt.Earth,"https://www.google.com/maps/dir/?api=1&destination=11.280616,75.82196"
Kuttoth EV Charging Station Iringadanpalli Junction Kozhikode Pin 673017,11.280842,75.824525,3.3 kW,Type-6 DC Fast / Type-7 AC Dual,Kerala,Kuttoth EV Charging Station Iringadanpalli Junction Kozhikode Pin 673017,L1DC0057,Bolt.Earth,"https://www.google.com/maps/dir/?api=1&destination=11.280842,75.824525"
Palazhi,11.256365,75.811613,3.3 kW,Type-6 DC Fast / Type-7 AC Dual,Kerala,"Palazhi, Road, Pottammal, Kozhikode, Kerala",L1DC0148,Bolt.Earth,"https://www.google.com/maps/dir/?api=1&destination=11.256365,75.811613"
Thottummaram,11.230935,75.810547,3.3 kW,Type-6 DC Fast / Type-7 AC Dual,Kerala,Thottummaram,L1DC0271,Bolt.Earth,"https://www.google.com/maps/dir/?api=1&destination=11.230935,75.810547"
Bolt.Earth Station (673007) - L1DC0111,11.231206,75.817949,3.3 kW,Type-6 DC Fast / Type-7 AC Dual,Kerala,"673007,Kerala",L1DC0111,Bolt.Earth,"https://www.google.com/maps/dir/?api=1&destination=11.231206,75.817949"
Casa Marina Complex,11.886433,75.372169,3.3 kW,Type-6 DC Fast / Type-7 AC Dual,Kerala,"Casa Marina Complex, Near, AKG Hospital, Talap",L1DC0097,Bolt.Earth,"https://www.google.com/maps/dir/?api=1&destination=11.886433,75.372169"
Jayanthi Road,11.211878,75.814566,3.3 kW,Type-6 DC Fast / Type-7 AC Dual,Kerala,"Jayanthi Road, Nallalam",L1DC0275,Bolt.Earth,"https://www.google.com/maps/dir/?api=1&destination=11.211878,75.814566"
MK ROAD THEKKEPURAM IDIYANGARA CALICUT 673003,11.238555,75.779354,3.3 kW,Type-6 DC Fast / Type-7 AC Dual,Kerala,MK ROAD THEKKEPURAM IDIYANGARA CALICUT 673003,L1DC0541,Bolt.Earth,"https://www.google.com/maps/dir/?api=1&destination=11.238555,75.779354"
Railwaystation 4th Platform Road,11.246618,75.780244,3.3 kW,Type-6 DC Fast / Type-7 AC Dual,Kerala,"Railwaystation 4th Platform Road, Kuttichira",L1DC0550,Bolt.Earth,"https://www.google.com/maps/dir/?api=1&destination=11.246618,75.780244"
Homeland Builders,11.259223,75.775427,3.3 kW,Type-6 DC Fast / Type-7 AC Dual,Kerala,"Homeland Builders, PT Usha Road, Vellayil, Kozhikode 673032",L1DC0267,Bolt.Earth,"https://www.google.com/maps/dir/?api=1&destination=11.259223,75.775427"
Bike spot Ev service,11.254704,75.777984,3.3 kW,Type-6 DC Fast / Type-7 AC Dual,Kerala,"Bike spot Ev service, Aravind crossroad (AG road) old land",L1DC0040,Bolt.Earth,"https://www.google.com/maps/dir/?api=1&destination=11.254704,75.777984"
Bolt.Earth Station (673032) - L1DC0179,11.252883,75.775394,3.3 kW,Type-6 DC Fast / Type-7 AC Dual,Kerala,"673032,Kerala",L1DC0179,Bolt.Earth,"https://www.google.com/maps/dir/?api=1&destination=11.252883,75.775394"
Mananchira,11.253202,75.775252,3.3 kW,Type-6 DC Fast / Type-7 AC Dual,Kerala,Mananchira,L1DC0584,Bolt.Earth,"https://www.google.com/maps/dir/?api=1&destination=11.253202,75.775252"
Kuniyil Kav Road,11.264203,75.784435,3.3 kW,Type-6 DC Fast / Type-7 AC Dual,Kerala,Kuniyil Kav Road,L1DC0585,Bolt.Earth,"https://www.google.com/maps/dir/?api=1&destination=11.264203,75.784435"
Naduvattum,11.191618,75.804353,3.3 kW,Type-6 DC Fast / Type-7 AC Dual,Kerala,Naduvattum,L1DC0281,Bolt.Earth,"https://www.google.com/maps/dir/?api=1&destination=11.191618,75.804353"
Ummalathoor,11.268359,75.831119,3.3 kW,Type-6 DC Fast / Type-7 AC Dual,Kerala,Ummalathoor,L1DC0177,Bolt.Earth,"https://www.google.com/maps/dir/?api=1&destination=11.268359,75.831119"
Bolt.Earth Station (673591) - L1DC0088,11.700044,76.107115,3.3 kW,Type-6 DC Fast / Type-7 AC Dual,Kerala,"673591,Kerala",L1DC0088,Bolt.Earth,"https://www.google.com/maps/dir/?api=1&destination=11.700044,76.107115"
National Highway 766,11.641312,76.110098,3.3 kW,Type-6 DC Fast / Type-7 AC Dual,Kerala,National Highway 766,L1DC0534,Bolt.Earth,"https://www.google.com/maps/dir/?api=1&destination=11.641312,76.110098"
KLR EV Charging Station chettyarammal Wandoor Malappuram Kerala 679328,11.18497,76.234619,3.3 kW,Type-6 DC Fast / Type-7 AC Dual,Kerala,KLR EV Charging Station chettyarammal Wandoor Malappuram Kerala 679328,L1DC0103,Bolt.Earth,"https://www.google.com/maps/dir/?api=1&destination=11.18497,76.234619"
PAYYANADAN EV BY DAYTODAY,11.106484,76.230246,3.3 kW,Type-6 DC Fast / Type-7 AC Dual,Kerala,"PAYYANADAN EV BY DAYTODAY,OOTY ROAD,HIGHSCOOL PADI,NEAR,BHARAT PETROLIUM",L1DC0280,Bolt.Earth,"https://www.google.com/maps/dir/?api=1&destination=11.106484,76.230246"
Nilambur Malappuram Road Ernad Malappuram,11.175643,76.133004,3.3 kW,Type-6 DC Fast / Type-7 AC Dual,Kerala,"Nilambur Malappuram Road Ernad Malappuram, 676123 Kerala",L1DC0200,Bolt.Earth,"https://www.google.com/maps/dir/?api=1&destination=11.175643,76.133004"
69/2100,11.213095,76.224403,3.3 kW,Type-6 DC Fast / Type-7 AC Dual,Kerala,"69/2100, Pallimukku",L1DC0718,Bolt.Earth,"https://www.google.com/maps/dir/?api=1&destination=11.213095,76.224403"
SHEEBA'S EV HUB BY DAYTODAY PALAMADAM,11.227397,76.256935,3.3 kW,Type-6 DC Fast / Type-7 AC Dual,Kerala,"SHEEBA'S EV HUB BY DAYTODAY PALAMADAM, KARAD, P. O VANDOOR, MALAPURAM DIS Palamadam, Karad Post, Wandoor, Kerala 679339",L1DC0579,Bolt.Earth,"https://www.google.com/maps/dir/?api=1&destination=11.227397,76.256935"
Evas hotal and coolbar  college road mampad Pincode:676542,11.24475,76.183138,3.3 kW,Type-6 DC Fast / Type-7 AC Dual,Kerala,Evas hotal and coolbar  college road mampad Pincode:676542,L1DC0031,Bolt.Earth,"https://www.google.com/maps/dir/?api=1&destination=11.24475,76.183138"
Evas hotal and coolbar  areacode puthalam,11.23117,76.054237,3.3 kW,Type-6 DC Fast / Type-7 AC Dual,Kerala,Evas hotal and coolbar  areacode puthalam,L1DC0033,Bolt.Earth,"https://www.google.com/maps/dir/?api=1&destination=11.23117,76.054237"
Down Hill Malappuram,11.043823,76.072708,3.3 kW,Type-6 DC Fast / Type-7 AC Dual,Kerala,"Down Hill Malappuram, 676505 Kerala",L1DC0140,Bolt.Earth,"https://www.google.com/maps/dir/?api=1&destination=11.043823,76.072708"
THUSHARAGIRI ROAD KODANCHERI CALICUT 673580,11.431616,76.007127,3.3 kW,Type-6 DC Fast / Type-7 AC Dual,Kerala,THUSHARAGIRI ROAD KODANCHERI CALICUT 673580,L1DC0517,Bolt.Earth,"https://www.google.com/maps/dir/?api=1&destination=11.431616,76.007127"
Erode Bakes,11.556565,76.037647,3.3 kW,Type-6 DC Fast / Type-7 AC Dual,Kerala,"Erode Bakes, NH 47, near sri plus mahal, Erode Bakes, NH 47, near sri plus mahal, Perundurai, Tamil Nadu 638056, Tamil Nadu 638056",L1DC0194,Bolt.Earth,"https://www.google.com/maps/dir/?api=1&destination=11.556565,76.037647"
Mylanchi Fancy Near St. Jude Church Ooty Road,11.574713,76.0599,3.3 kW,Type-6 DC Fast / Type-7 AC Dual,Kerala,"Mylanchi Fancy Near St. Jude Church Ooty Road, Chundale Wayanad – 673123",L1DC0160,Bolt.Earth,"https://www.google.com/maps/dir/?api=1&destination=11.574713,76.0599"
AL AMEEMI BY DAY TO DAY,12.104772,75.209056,3.3 kW,Type-6 DC Fast / Type-7 AC Dual,Kerala,"AL AMEEMI BY DAY TO DAY, THEKKE BAZAR, STADIUM ROAD, PAYYANNUR",L1DC0106,Bolt.Earth,"https://www.google.com/maps/dir/?api=1&destination=12.104772,75.209056"
Paramount EV Charging Station,12.339191,75.107506,3.3 kW,Type-6 DC Fast / Type-7 AC Dual,Kerala,"Paramount EV Charging Station, Panathur Road, Mavungal, Kasaragod, pin: 671531",L1DC0010,Bolt.Earth,"https://www.google.com/maps/dir/?api=1&destination=12.339191,75.107506"
EK Nayanar Co Operative Hospital,12.510384,75.035205,3.3 kW,Type-6 DC Fast / Type-7 AC Dual,Kerala,"EK Nayanar Co Operative Hospital, 4th Mile, Chengala, Kasaragod Pincode: 671123",L1DC0175,Bolt.Earth,"https://www.google.com/maps/dir/?api=1&destination=12.510384,75.035205"
Bolt.Earth Station (671531) - L1DC0122,12.40211,75.204041,3.3 kW,Type-6 DC Fast / Type-7 AC Dual,Kerala,"671531,Kerala",L1DC0122,Bolt.Earth,"https://www.google.com/maps/dir/?api=1&destination=12.40211,75.204041"
Choozhal Road,8.30815,77.135831,3.3 kW,Type-6 DC Fast / Type-7 AC Dual,Tamil Nadu,Choozhal Road,L1DC0317,Bolt.Earth,"https://www.google.com/maps/dir/?api=1&destination=8.30815,77.135831"
3F 198/3G,10.999387,77.230132,3.3 kW,Type-6 DC Fast / Type-7 AC Dual,Tamil Nadu,"3F 198/3G, K",L1DC0531,Bolt.Earth,"https://www.google.com/maps/dir/?api=1&destination=10.999387,77.230132"
Singampunari,10.183451,78.418645,3.3 kW,Type-6 DC Fast / Type-7 AC Dual,Tamil Nadu,"Singampunari, Near Mahadev Nursing Home",L1DC0152,Bolt.Earth,"https://www.google.com/maps/dir/?api=1&destination=10.183451,78.418645"
Bolt.Earth Station (641001) - L1DC0422,11.009721,76.958799,3.3 kW,Type-6 DC Fast / Type-7 AC Dual,Tamil Nadu,"641001,Tamil Nadu",L1DC0422,Bolt.Earth,"https://www.google.com/maps/dir/?api=1&destination=11.009721,76.958799"
SF No 237/1B2,11.045585,76.900394,10.0 kW,Type-6 DC Fast,Tamil Nadu,SF No 237/1B2,L1DC0401,Bolt.Earth,"https://www.google.com/maps/dir/?api=1&destination=11.045585,76.900394"
Roots EV - Battery Operated Electric Vehicles Manufacturer,11.106189,76.943805,6.6 kW,Type-6 DC Fast,Tamil Nadu,"Roots EV - Battery Operated Electric Vehicles Manufacturer, Electric Golf Cart Company, Club Car & Buggy Carts for Sale India 641031",L1DC0357,Bolt.Earth,"https://www.google.com/maps/dir/?api=1&destination=11.106189,76.943805"
6/13,11.112224,77.134189,3.3 kW,Type-6 DC Fast / Type-7 AC Dual,Tamil Nadu,6/13,L1DC0342,Bolt.Earth,"https://www.google.com/maps/dir/?api=1&destination=11.112224,77.134189"
A2A car wash,11.328493,77.696444,3.3 kW,Type-6 DC Fast / Type-7 AC Dual,Tamil Nadu,"A2A car wash, 14/1, Perundurai Road, Playapalyam, Piruvu, near one fine day Hotel EB Officer's Colony, Erode  638011",L1DC0327,Bolt.Earth,"https://www.google.com/maps/dir/?api=1&destination=11.328493,77.696444"
Kongu Nagar,11.330601,77.724336,3.3 kW,Type-6 DC Fast / Type-7 AC Dual,Tamil Nadu,"72, Kongu Nagar, Kalliaynkadu",L1DC0466,Bolt.Earth,"https://www.google.com/maps/dir/?api=1&destination=11.330601,77.724336"
Tiruppur Road,11.053702,77.326832,3.3 kW,Type-6 DC Fast / Type-7 AC Dual,Tamil Nadu,"Tiruppur Road, Chinnakarai",L1DC0716,Bolt.Earth,"https://www.google.com/maps/dir/?api=1&destination=11.053702,77.326832"
Bolt.Earth Station (637001) - L1DC0237,11.215266,78.173473,3.3 kW,Type-6 DC Fast / Type-7 AC Dual,Tamil Nadu,"637001,Tamil Nadu",L1DC0237,Bolt.Earth,"https://www.google.com/maps/dir/?api=1&destination=11.215266,78.173473"
Kalpana Street Name: Vikasha Radial,12.002165,79.813916,3.3 kW,Type-6 DC Fast / Type-7 AC Dual,Tamil Nadu,"Kalpana Street Name: Vikasha Radial, Crown Road area,Auroville 605101 (Pondicherry), Tamil Nadu, India Landmark: Humanscapes 605101",L1DC0086,Bolt.Earth,"https://www.google.com/maps/dir/?api=1&destination=12.002165,79.813916"
